question,answer
"什麼是八字？","八字，又稱四柱命理，是中國傳統命理學的重要組成部分。它是根據一個人出生的年、月、日、時，對應的天干地支組合而形成的八個字，故稱為八字。

具體來說：
1. 年柱：代表祖上、父母、童年運勢
2. 月柱：代表兄弟姐妹、事業宮、中年運勢  
3. 日柱：代表自己和配偶、婚姻宮
4. 時柱：代表子女、老年運勢

**English Translation:**
BaZi, also known as Four Pillars of Destiny, is an important component of traditional Chinese numerology. It consists of eight characters formed by the Heavenly Stems and Earthly Branches corresponding to a person's birth year, month, day, and hour.

Specifically:
1. Year Pillar: Represents ancestors, parents, childhood fortune
2. Month Pillar: Represents siblings, career palace, middle-age fortune
3. Day Pillar: Represents oneself and spouse, marriage palace
4. Hour Pillar: Represents children, old-age fortune

**注意事項：**
八字命理僅供參考，不應作為人生重大決策的唯一依據。建議結合個人努力和現實條件，理性對待命理分析結果。"
"五行相生相剋的規律是什麼？","五行相生相剋是中國古代哲學的重要理論，揭示了宇宙萬物之間的相互關係和運行規律。

**五行相生：**
1. 木生火：木燃燒產生火
2. 火生土：火燒成灰變成土
3. 土生金：土中蘊藏金屬
4. 金生水：金屬冷凝產生水
5. 水生木：水滋養樹木生長

**五行相剋：**
1. 木剋土：樹根吸取土壤養分
2. 土剋水：土能阻擋水流
3. 水剋火：水能熄滅火
4. 火剋金：火能熔化金屬
5. 金剋木：金屬工具能砍伐樹木

**English Translation:**
The mutual generation and restraint of the Five Elements is an important theory in ancient Chinese philosophy that reveals the interrelationships and operational patterns among all things in the universe.

**Five Elements Generation Cycle:**
1. Wood generates Fire: Wood burns to create fire
2. Fire generates Earth: Fire burns to ash becoming earth
3. Earth generates Metal: Earth contains and nurtures metal
4. Metal generates Water: Metal condenses to produce water
5. Water generates Wood: Water nourishes tree growth

**Five Elements Restraint Cycle:**
1. Wood restrains Earth: Tree roots absorb soil nutrients
2. Earth restrains Water: Earth can block water flow
3. Water restrains Fire: Water can extinguish fire
4. Fire restrains Metal: Fire can melt metal
5. Metal restrains Wood: Metal tools can cut down trees

**實際應用：**
在八字分析中，五行的平衡關係直接影響一個人的性格、健康、運勢等各個方面。

**免責聲明：**
八字命理僅供參考，不應作為人生重大決策的唯一依據。"
"十神是什麼？","十神是八字命理中用來分析人格特質、人際關係和人生運勢的重要工具。十神是以日干（代表自己）為中心，根據其他天干與日干的五行關係而定義的十種神煞。

**十神的組成：**
1. **比肩**：與日干五行相同
2. **劫財**：與日干五行相同但陰陽相反
3. **食神**：日干所生且陰陽相同
4. **傷官**：日干所生且陰陽相反
5. **正財**：日干所剋且陰陽相反
6. **偏財**：日干所剋且陰陽相同
7. **正官**：剋日干且陰陽相反
8. **七殺（偏官）**：剋日干且陰陽相同
9. **正印**：生日干且陰陽相反
10. **偏印（梟神）**：生日干且陰陽相同

**English Translation:**
The Ten Gods are important tools in BaZi numerology used to analyze personality traits, interpersonal relationships, and life fortune. The Ten Gods are defined based on the Five Elements relationship between other Heavenly Stems and the Day Stem (representing oneself).

**Composition of Ten Gods:**
1. **Parallel/Shoulder**: Same Five Element as Day Stem
2. **Rob Wealth**: Same Five Element but opposite polarity to Day Stem
3. **Food God**: Generated by Day Stem with same polarity
4. **Hurting Officer**: Generated by Day Stem with opposite polarity
5. **Direct Wealth**: Restrained by Day Stem with opposite polarity
6. **Indirect Wealth**: Restrained by Day Stem with same polarity
7. **Direct Officer**: Restrains Day Stem with opposite polarity
8. **Seven Killings**: Restrains Day Stem with same polarity
9. **Direct Resource**: Generates Day Stem with opposite polarity
10. **Indirect Resource**: Generates Day Stem with same polarity

**應用意義：**
通過分析八字中十神的組合和強弱，可以了解一個人的性格傾向、才能特長、人際關係模式等。

**免責聲明：**
八字命理僅供參考，建議結合現實情況理性看待分析結果。"
"如何看八字中的財運？","在八字命理中，財運主要通過財星（正財、偏財）來判斷，同時需要結合整體格局、用神忌神、大運流年等因素進行綜合分析。

**財星的基本含義：**
1. **正財**：代表固定收入、薪水、穩定的財富來源
2. **偏財**：代表意外之財、投資收益、流動性財富

**財運好的格局特徵：**
1. 財星得令（在旺季出現）
2. 財星有根（地支有同類五行支撐）
3. 身強財弱，能夠勝任財星
4. 財星與日主相合，關係和諧
5. 財星不被劫財、比肩嚴重沖剋

**財運不佳的指標：**
1. 財星過旺而身弱，難以承受財富
2. 財星被劫財、比肩重重包圍
3. 財星落空亡、被沖剋
4. 財星與用神相沖

**English Translation:**
In BaZi numerology, wealth fortune is primarily determined through Wealth Stars (Direct Wealth and Indirect Wealth), while requiring comprehensive analysis combining overall pattern, favorable/unfavorable gods, and major luck periods.

**Basic Meanings of Wealth Stars:**
1. **Direct Wealth**: Represents fixed income, salary, stable wealth sources
2. **Indirect Wealth**: Represents windfall, investment returns, liquid wealth

**Characteristics of Good Wealth Fortune:**
1. Wealth Star is in season (appears in favorable months)
2. Wealth Star has roots (supported by same Five Element in Earthly Branches)
3. Strong Day Master with weak Wealth Star, able to handle wealth
4. Wealth Star harmoniously combines with Day Master
5. Wealth Star not severely clashed by Rob Wealth or Parallel

**Indicators of Poor Wealth Fortune:**
1. Wealth Star too strong while Day Master weak, unable to bear wealth
2. Wealth Star surrounded by multiple Rob Wealth or Parallel
3. Wealth Star falls into void or is clashed
4. Wealth Star clashes with favorable god

**分析要點：**
- 需要考慮大運流年的影響
- 結合職業特性和個人努力
- 財運好壞非絕對，可通過後天調整

**免責聲明：**
八字分析僅供參考，實際財運還需結合個人努力、市場環境等現實因素。"
"八字合婚要看什麼？","八字合婚是傳統婚配方法，通過分析男女雙方八字的配合度來判斷婚姻是否和諧。需要從多個角度進行綜合評估。

**主要考察要素：**

1. **五行互補性**
   - 雙方五行是否能夠相生相補
   - 避免五行相剋過重的組合
   - 尋求陰陽平衡

2. **十神關係**
   - 分析雙方十神的互動關係
   - 夫妻宮（日支）的配合情況
   - 配偶星（男看正財，女看正官）的狀態

3. **用神忌神**
   - 一方的用神是否為對方的忌神
   - 互為用神的組合最為理想
   - 避免用神相沖的配對

4. **大運流年**
   - 分析雙方大運的配合度
   - 重要流年的吉凶同步性
   - 婚姻運勢的時間節點

**English Translation:**
BaZi marriage compatibility is a traditional matchmaking method that analyzes the compatibility of both parties' BaZi to determine marital harmony. It requires comprehensive evaluation from multiple perspectives.

**Main Assessment Elements:**

1. **Five Elements Complementarity**
   - Whether both parties' Five Elements can mutually generate and complement
   - Avoid combinations with excessive mutual restraint
   - Seek Yin-Yang balance

2. **Ten Gods Relationships**
   - Analyze interaction between both parties' Ten Gods
   - Compatibility of Marriage Palace (Day Branch)
   - Status of Spouse Star (men look at Direct Wealth, women look at Direct Officer)

3. **Favorable and Unfavorable Gods**
   - Whether one party's favorable god is the other's unfavorable god
   - Combinations where both serve as each other's favorable gods are ideal
   - Avoid pairings where favorable gods clash

4. **Major Luck and Annual Cycles**
   - Analyze compatibility of both parties' major luck periods
   - Synchronization of fortune in important years
   - Timing of marriage fortune

**評分標準：**
- 優秀：80分以上（高度匹配）
- 良好：60-80分（基本和諧）
- 一般：40-60分（需要磨合）
- 不佳：40分以下（建議慎重）

**現代觀點：**
八字合婚可作為參考，但不應成為決定婚姻的唯一標準。相互理解、性格匹配、價值觀一致更為重要。

**免責聲明：**
命理分析僅供參考，婚姻幸福主要靠雙方的經營和努力。"